{"cameraMode":{"drawMode":0,"name":"Shaded","section":"Shading Mode"},"sceneLighting":false,"audioPlay":false,"sceneViewState":{"showFog":true,"showMaterialUpdate":false,"showSkybox":false,"showFlares":true,"showImageEffects":true,"showParticleSystems":true},"in2DMode":false,"pivot":{"x":0.977215588092804,"y":-2.3927831649780275,"z":0.16381463408470155},"rotation":{"x":-0.0781080573797226,"y":-0.15932850539684297,"z":0.012668982148170472,"w":-0.9840677380561829},"size":5.044602394104004,"orthographic":false}