{"cameraMode":{"drawMode":0,"name":"Shaded","section":"Shading Mode"},"sceneLighting":true,"audioPlay":false,"sceneViewState":{"showFog":true,"showMaterialUpdate":false,"showSkybox":true,"showFlares":true,"showImageEffects":true,"showParticleSystems":true},"in2DMode":false,"pivot":{"x":275.53759765625,"y":1725.502197265625,"z":10.924476623535157},"rotation":{"x":0.0007703103474341333,"y":0.9988804459571838,"z":-0.044090356677770618,"w":0.018552584573626519},"size":924.4473266601563,"orthographic":false}