{"cameraMode":{"drawMode":0,"name":"Shaded","section":"Shading Mode"},"sceneLighting":true,"audioPlay":false,"sceneViewState":{"showFog":true,"showMaterialUpdate":false,"showSkybox":true,"showFlares":true,"showImageEffects":true,"showParticleSystems":true},"in2DMode":false,"pivot":{"x":-2.66029691696167,"y":-0.7755081653594971,"z":13.000686645507813},"rotation":{"x":-0.06416669487953186,"y":0.004475351423025131,"z":-0.0002656411670614034,"w":-0.9979473352432251},"size":13.8619384765625,"orthographic":false}